Intercept,Day of Week Seasonality,Trend,Events,Media,day_dt
1877926.7550633454,700681.7676834032,0.0,136306.071356046,165110.9728280175,2023-01-01
1877926.7550633454,744151.4194835251,31.34776867690194,0.0,183075.48202262822,2023-01-02
1877926.7550633454,715324.513535218,62.69553735380388,0.0,182473.28097507526,2023-01-03
1877926.7550633454,706435.6426235562,94.04330603070582,0.0,176330.96165496417,2023-01-04
1877926.7550633454,690636.9173104338,125.39107470760776,0.0,172900.8973583928,2023-01-05
1877926.7550633454,667697.3358139893,156.73884338450964,0.0,164872.09446715988,2023-01-06
1877926.7550633454,680686.4161540509,188.08661206141164,0.0,163170.77057420003,2023-01-07
1877926.7550633454,700681.7676834032,219.4343807383134,0.0,171265.9184029662,2023-01-08
1877926.7550633454,744151.4194835251,250.7821494152155,0.0,159321.01665691097,2023-01-09
1877926.7550633454,715324.513535218,282.12991809211576,0.0,153908.4371812763,2023-01-10
1877926.7550633454,706435.6426235562,313.4776867690193,0.0,157293.93310520137,2023-01-11
1877926.7550633454,690636.9173104338,344.82545544592267,0.0,160210.55353805886,2023-01-12
1877926.7550633454,667697.3358139893,376.1732241228233,0.0,163461.7842761864,2023-01-13
1877926.7550633454,680686.4161540509,407.5209927997259,0.0,170807.6481915937,2023-01-14
1877926.7550633454,700681.7676834032,438.8687614766268,0.0,183512.52055513932,2023-01-15
1877926.7550633454,744151.4194835251,470.21653015352905,-32032.304348060094,180008.21345265262,2023-01-16
1877926.7550633454,715324.513535218,501.564298830431,0.0,178746.85385590504,2023-01-17
1877926.7550633454,706435.6426235562,532.9120675073315,0.0,176144.63013405167,2023-01-18
1877926.7550633454,690636.9173104338,564.2598361842315,0.0,178427.790281225,2023-01-19
1877926.7550633454,667697.3358139893,595.6076048611366,0.0,182437.70781983435,2023-01-20
1877926.7550633454,680686.4161540509,626.9553735380385,0.0,194202.1605941173,2023-01-21
1877926.7550633454,700681.7676834032,658.303142214941,0.0,199400.12116244147,2023-01-22
1877926.7550633454,744151.4194835251,689.6509108918453,0.0,202684.66884974818,2023-01-23
1877926.7550633454,715324.513535218,720.9986795687446,0.0,205860.72486867566,2023-01-24
1877926.7550633454,706435.6426235562,752.3464482456466,0.0,210267.1734871487,2023-01-25
1877926.7550633454,690636.9173104338,783.6942169225507,0.0,209956.93579516077,2023-01-26
1877926.7550633454,667697.3358139893,815.0419855994518,0.0,214216.6905351378,2023-01-27
1877926.7550633454,680686.4161540509,846.3897542763522,0.0,220289.6823266272,2023-01-28
1877926.7550633454,700681.7676834032,877.7375229532536,0.0,228236.73205981133,2023-01-29
1877926.7550633454,744151.4194835251,909.0852916301565,0.0,217841.29599982844,2023-01-30
1877926.7550633454,715324.513535218,940.4330603070581,0.0,211812.39003328705,2023-01-31
1877926.7550633454,706435.6426235562,0.0,0.0,225281.6357480983,2023-02-01
1877926.7550633454,690636.9173104338,1072.0161702849225,0.0,228836.35036582474,2023-02-02
1877926.7550633454,667697.3358139893,2144.032340569845,0.0,229338.52632907376,2023-02-03
1877926.7550633454,680686.4161540509,3216.048510854767,0.0,230262.97909800938,2023-02-04
1877926.7550633454,700681.7676834032,4288.06468113969,0.0,240480.26563880235,2023-02-05
1877926.7550633454,744151.4194835251,5360.080851424615,0.0,227282.6079151937,2023-02-06
1877926.7550633454,715324.513535218,6432.097021709534,0.0,225261.02475695877,2023-02-07
1877926.7550633454,706435.6426235562,7504.113191994454,0.0,235625.645362874,2023-02-08
1877926.7550633454,690636.9173104338,8576.12936227938,0.0,230952.27555732045,2023-02-09
1877926.7550633454,667697.3358139893,9648.145532564304,0.0,229072.0961933091,2023-02-10
1877926.7550633454,680686.4161540509,10720.16170284923,0.0,242849.58990009484,2023-02-11
1877926.7550633454,700681.7676834032,11792.17787313415,211959.34788245373,241165.13820567334,2023-02-12
1877926.7550633454,744151.4194835251,12864.194043419067,-78301.79726603605,248477.8115906111,2023-02-13
1877926.7550633454,715324.513535218,13936.210213703984,0.0,247198.73507079587,2023-02-14
1877926.7550633454,706435.6426235562,15008.226383988907,0.0,243468.91678835527,2023-02-15
1877926.7550633454,690636.9173104338,16080.24255427384,0.0,244632.4453438795,2023-02-16
1877926.7550633454,667697.3358139893,17152.25872455876,0.0,246508.87672314845,2023-02-17
1877926.7550633454,680686.4161540509,18224.27489484369,0.0,252035.65824861306,2023-02-18
1877926.7550633454,700681.7676834032,19296.291065128607,0.0,268394.04675036017,2023-02-19
1877926.7550633454,744151.4194835251,20368.307235413522,-25028.232024829922,260665.95640304562,2023-02-20
1877926.7550633454,715324.513535218,21440.32340569846,0.0,255390.48437284498,2023-02-21
1877926.7550633454,706435.6426235562,22512.33957598339,0.0,254628.75037018512,2023-02-22
1877926.7550633454,690636.9173104338,23584.3557462683,0.0,262127.94585445363,2023-02-23
1877926.7550633454,667697.3358139893,24656.37191655321,0.0,258308.5248346032,2023-02-24
1877926.7550633454,680686.4161540509,25728.388086838135,0.0,261818.4661254351,2023-02-25
1877926.7550633454,700681.7676834032,26800.40425712304,0.0,274038.25638276094,2023-02-26
1877926.7550633454,744151.4194835251,27872.420427407968,0.0,271311.2288155304,2023-02-27
1877926.7550633454,715324.513535218,28944.436597692926,0.0,260108.10043752257,2023-02-28
1877926.7550633454,706435.6426235562,0.0,0.0,251823.46833241035,2023-03-01
1877926.7550633454,690636.9173104338,-116.68787158867475,0.0,245869.81664668143,2023-03-02
1877926.7550633454,667697.3358139893,-233.3757431773495,0.0,248544.07300670946,2023-03-03
1877926.7550633454,680686.4161540509,-350.06361476602433,0.0,257033.00819742234,2023-03-04
1877926.7550633454,700681.7676834032,-466.751486354699,0.0,270041.10287305654,2023-03-05
1877926.7550633454,744151.4194835251,-583.4393579433735,0.0,264697.52978612535,2023-03-06
1877926.7550633454,715324.513535218,-700.1272295320487,0.0,259478.92932948898,2023-03-07
1877926.7550633454,706435.6426235562,-816.8151011207234,0.0,261854.87881434796,2023-03-08
1877926.7550633454,690636.9173104338,-933.502972709398,0.0,266790.35479011084,2023-03-09
1877926.7550633454,667697.3358139893,-1050.1908442980712,0.0,273448.11950939725,2023-03-10
1877926.7550633454,680686.4161540509,-1166.878715886747,0.0,296176.80033022613,2023-03-11
1877926.7550633454,700681.7676834032,-1283.5665874754206,0.0,333002.99393618345,2023-03-12
1877926.7550633454,744151.4194835251,-1400.2544590640973,0.0,346404.52036909363,2023-03-13
1877926.7550633454,715324.513535218,-1516.9423306527706,0.0,325027.28445332294,2023-03-14
1877926.7550633454,706435.6426235562,-1633.6302022414468,0.0,315821.76689111034,2023-03-15
1877926.7550633454,690636.9173104338,-1750.318073830121,0.0,311164.43918253866,2023-03-16
1877926.7550633454,667697.3358139893,-1867.005945418796,0.0,304912.89979176,2023-03-17
1877926.7550633454,680686.4161540509,-1983.6938170074711,0.0,316943.55033928656,2023-03-18
1877926.7550633454,700681.7676834032,-2100.3816885961423,0.0,340692.4277512752,2023-03-19
1877926.7550633454,744151.4194835251,-2217.069560184818,0.0,325170.934983478,2023-03-20
1877926.7550633454,715324.513535218,-2333.757431773494,0.0,317712.88917331165,2023-03-21
1877926.7550633454,706435.6426235562,-2450.4453033621635,0.0,319999.4900178802,2023-03-22
1877926.7550633454,690636.9173104338,-2567.1331749508413,0.0,325380.3005947069,2023-03-23
1877926.7550633454,667697.3358139893,-2683.82104653952,-18491.911136193525,318282.96170864464,2023-03-24
1877926.7550633454,680686.4161540509,-2800.5089181281946,-21861.697693320693,332030.4018267106,2023-03-25
1877926.7550633454,700681.7676834032,-2917.19678971687,-46676.50914603454,365860.59458823164,2023-03-26
1877926.7550633454,744151.4194835251,-3033.884661305541,-7828.248299863684,317132.1457211494,2023-03-27
1877926.7550633454,715324.513535218,-3150.5725328942185,-24063.587514680563,303508.47020526615,2023-03-28
1877926.7550633454,706435.6426235562,-3267.2604044828936,0.0,296872.30628343765,2023-03-29
1877926.7550633454,690636.9173104338,-3383.9482760715614,0.0,292933.80730075506,2023-03-30
1877926.7550633454,667697.3358139893,-3500.636147660242,0.0,283798.07460518635,2023-03-31
1877926.7550633454,680686.4161540509,0.0,0.0,266337.0951396042,2023-04-01
1877926.7550633454,700681.7676834032,2066.57803111409,0.0,260063.8498714887,2023-04-02
1877926.7550633454,744151.4194835251,4133.15606222818,0.0,260035.8972446589,2023-04-03
1877926.7550633454,715324.513535218,6199.734093342279,0.0,254090.9752571307,2023-04-04
1877926.7550633454,706435.6426235562,8266.31212445636,0.0,250727.40829352342,2023-04-05
1877926.7550633454,690636.9173104338,10332.890155570467,0.0,244299.24413183882,2023-04-06
1877926.7550633454,667697.3358139893,12399.468186684559,0.0,240094.24114639385,2023-04-07
1877926.7550633454,680686.4161540509,14466.046217798643,0.0,230374.12651848965,2023-04-08
1877926.7550633454,700681.7676834032,16532.62424891272,0.0,238896.30774919593,2023-04-09
1877926.7550633454,744151.4194835251,18599.202280026828,0.0,223964.53345664052,2023-04-10
1877926.7550633454,715324.513535218,20665.780311140934,0.0,217272.12055312825,2023-04-11
1877926.7550633454,706435.6426235562,22732.358342255,0.0,212737.29954964702,2023-04-12
1877926.7550633454,690636.9173104338,24798.936373369117,0.0,206547.0861435911,2023-04-13
1877926.7550633454,667697.3358139893,26865.514404483187,0.0,201735.62996896566,2023-04-14
1877926.7550633454,680686.4161540509,28932.092435597286,0.0,214938.35607646196,2023-04-15
1877926.7550633454,700681.7676834032,30998.670466711385,0.0,216465.79841090774,2023-04-16
1877926.7550633454,744151.4194835251,33065.24849782544,0.0,208811.2983753459,2023-04-17
1877926.7550633454,715324.513535218,35131.82652893956,0.0,207601.88707495018,2023-04-18
1877926.7550633454,706435.6426235562,37198.404560053656,0.0,210898.82241711926,2023-04-19
1877926.7550633454,690636.9173104338,39264.98259116774,0.0,212733.80299942198,2023-04-20
1877926.7550633454,667697.3358139893,41331.56062228187,0.0,227547.59214058646,2023-04-21
1877926.7550633454,680686.4161540509,43398.13865339593,0.0,239228.7156322213,2023-04-22
1877926.7550633454,700681.7676834032,45464.71668451,0.0,257793.17913184979,2023-04-23
1877926.7550633454,744151.4194835251,47531.294715624106,0.0,249821.27125404542,2023-04-24
1877926.7550633454,715324.513535218,49597.872746738234,0.0,250708.53298719908,2023-04-25
1877926.7550633454,706435.6426235562,51664.450777852246,0.0,259161.73061403338,2023-04-26
1877926.7550633454,690636.9173104338,53731.02880896637,0.0,260092.12035796573,2023-04-27
1877926.7550633454,667697.3358139893,55797.60684008043,0.0,257892.06607911966,2023-04-28
1877926.7550633454,680686.4161540509,57864.18487119457,0.0,273528.4809491288,2023-04-29
1877926.7550633454,700681.7676834032,59930.762902308656,0.0,280610.3339700137,2023-04-30
1877926.7550633454,744151.4194835251,0.0,0.0,242055.87397151566,2023-05-01
1877926.7550633454,715324.513535218,-390.5466665721428,0.0,229898.75004286374,2023-05-02
1877926.7550633454,706435.6426235562,-781.0933331442856,0.0,226276.19533422435,2023-05-03
1877926.7550633454,690636.9173104338,-1171.6399997164283,0.0,217228.44277702918,2023-05-04
1877926.7550633454,667697.3358139893,-1562.1866662885711,0.0,208075.37627312198,2023-05-05
1877926.7550633454,680686.4161540509,-1952.7333328607144,0.0,196687.23951133207,2023-05-06
1877926.7550633454,700681.7676834032,-2343.2799994328566,0.0,205621.29203809268,2023-05-07
1877926.7550633454,744151.4194835251,-2733.826666005001,0.0,193894.32530794802,2023-05-08
1877926.7550633454,715324.513535218,-3124.3733325771423,0.0,185562.35383021412,2023-05-09
1877926.7550633454,706435.6426235562,-3514.919999149279,0.0,180300.18746324006,2023-05-10
1877926.7550633454,690636.9173104338,-3905.466665721429,0.0,174782.1708174543,2023-05-11
1877926.7550633454,667697.3358139893,-4296.01333229357,0.0,170187.5351203086,2023-05-12
1877926.7550633454,680686.4161540509,-4686.559998865713,0.0,169179.00615842262,2023-05-13
1877926.7550633454,700681.7676834032,-5077.106665437852,0.0,175898.6597853746,2023-05-14
1877926.7550633454,744151.4194835251,-5467.653332010002,0.0,169100.07233692583,2023-05-15
1877926.7550633454,715324.513535218,-5858.199998582141,0.0,167478.1688159853,2023-05-16
1877926.7550633454,706435.6426235562,-6248.7466651542845,0.0,167183.22675504902,2023-05-17
1877926.7550633454,690636.9173104338,-6639.293331726425,0.0,167084.95142898278,2023-05-18
1877926.7550633454,667697.3358139893,-7029.839998298558,0.0,165278.37988657446,2023-05-19
1877926.7550633454,680686.4161540509,-7420.386664870712,0.0,166065.28118905047,2023-05-20
1877926.7550633454,700681.7676834032,-7810.933331442858,0.0,179678.26643756116,2023-05-21
1877926.7550633454,744151.4194835251,-8201.479998014993,0.0,179047.02322702252,2023-05-22
1877926.7550633454,715324.513535218,-8592.02666458714,0.0,182416.77880635145,2023-05-23
1877926.7550633454,706435.6426235562,-8982.573331159283,0.0,183719.09434739116,2023-05-24
1877926.7550633454,690636.9173104338,-9373.119997731426,0.0,184563.57637979902,2023-05-25
1877926.7550633454,667697.3358139893,-9763.66666430357,0.0,187733.63548516989,2023-05-26
1877926.7550633454,680686.4161540509,-10154.213330875704,0.0,191603.67077422785,2023-05-27
1877926.7550633454,700681.7676834032,-10544.75999744785,0.0,205373.70898862585,2023-05-28
1877926.7550633454,744151.4194835251,-10935.306664020003,11347.068928024237,210211.54275103612,2023-05-29
1877926.7550633454,715324.513535218,-11325.85333059213,0.0,211785.76772807023,2023-05-30
1877926.7550633454,706435.6426235562,-11716.399997164282,0.0,211557.6029605508,2023-05-31
1877926.7550633454,690636.9173104338,0.0,0.0,199933.1206467882,2023-06-01
1877926.7550633454,667697.3358139893,-1617.5962958868029,0.0,202364.2224117203,2023-06-02
1877926.7550633454,680686.4161540509,-3235.1925917736057,0.0,202026.838590857,2023-06-03
1877926.7550633454,700681.7676834032,-4852.788887660413,0.0,208697.39389975398,2023-06-04
1877926.7550633454,744151.4194835251,-6470.385183547211,0.0,203520.3788320094,2023-06-05
1877926.7550633454,715324.513535218,-8087.981479434013,0.0,203966.77043427347,2023-06-06
1877926.7550633454,706435.6426235562,-9705.577775320826,0.0,206390.17206534825,2023-06-07
1877926.7550633454,690636.9173104338,-11323.174071207604,0.0,216982.1902501087,2023-06-08
1877926.7550633454,667697.3358139893,-12940.770367094423,0.0,220019.64883058926,2023-06-09
1877926.7550633454,680686.4161540509,-14558.366662981229,0.0,234132.4083192297,2023-06-10
1877926.7550633454,700681.7676834032,-16175.962958868025,0.0,246325.45842749733,2023-06-11
1877926.7550633454,744151.4194835251,-17793.559254754808,0.0,245560.46245559407,2023-06-12
1877926.7550633454,715324.513535218,-19411.15555064165,0.0,244572.36311235587,2023-06-13
1877926.7550633454,706435.6426235562,-21028.751846528427,0.0,244894.31667889675,2023-06-14
1877926.7550633454,690636.9173104338,-22646.34814241521,0.0,247208.278289869,2023-06-15
1877926.7550633454,667697.3358139893,-24263.94443830202,0.0,249346.19307536597,2023-06-16
1877926.7550633454,680686.4161540509,-25881.540734188846,0.0,247446.4393471444,2023-06-17
1877926.7550633454,700681.7676834032,-27499.137030075628,0.0,263456.64005949796,2023-06-18
1877926.7550633454,744151.4194835251,-29116.733325962457,-30515.812949467614,272970.61101271835,2023-06-19
1877926.7550633454,715324.513535218,-30734.329621849232,0.0,280065.66327021393,2023-06-20
1877926.7550633454,706435.6426235562,-32351.92591773605,0.0,292935.97146784817,2023-06-21
1877926.7550633454,690636.9173104338,-33969.52221362287,0.0,301684.6503320886,2023-06-22
1877926.7550633454,667697.3358139893,-35587.118509509615,0.0,310570.7947499829,2023-06-23
1877926.7550633454,680686.4161540509,-37204.71480539649,0.0,315655.3615473227,2023-06-24
1877926.7550633454,700681.7676834032,-38822.3111012833,0.0,339574.973353121,2023-06-25
1877926.7550633454,744151.4194835251,-40439.90739717008,0.0,328878.19775281235,2023-06-26
1877926.7550633454,715324.513535218,-42057.50369305685,0.0,320581.962654612,2023-06-27
1877926.7550633454,706435.6426235562,-43675.0999889437,0.0,300387.04609962355,2023-06-28
1877926.7550633454,690636.9173104338,-45292.69628483042,0.0,291290.5880786166,2023-06-29
1877926.7550633454,667697.3358139893,-46910.292580717265,0.0,296383.9380166362,2023-06-30
1877926.7550633454,680686.4161540509,0.0,0.0,251908.02547315773,2023-07-01
1877926.7550633454,700681.7676834032,-809.7259177947336,0.0,246971.77174112364,2023-07-02
1877926.7550633454,744151.4194835251,-1619.4518355894672,0.0,230301.01415581946,2023-07-03
1877926.7550633454,715324.513535218,-2429.1777533842014,61025.35237000114,221201.88901085005,2023-07-04
1877926.7550633454,706435.6426235562,-3238.9036711789345,0.0,239181.39890701347,2023-07-05
1877926.7550633454,690636.9173104338,-4048.629588973666,0.0,259410.1199597633,2023-07-06
1877926.7550633454,667697.3358139893,-4858.355506768403,0.0,259431.50296349416,2023-07-07
1877926.7550633454,680686.4161540509,-5668.081424563134,0.0,257782.6804629037,2023-07-08
1877926.7550633454,700681.7676834032,-6477.807342357869,0.0,273744.699244918,2023-07-09
1877926.7550633454,744151.4194835251,-7287.533260152603,0.0,273754.90406383155,2023-07-10
1877926.7550633454,715324.513535218,-8097.259177947332,0.0,274441.1501418318,2023-07-11
1877926.7550633454,706435.6426235562,-8906.98509574207,0.0,268811.1497965,2023-07-12
1877926.7550633454,690636.9173104338,-9716.711013536806,0.0,297228.90886774415,2023-07-13
1877926.7550633454,667697.3358139893,-10526.436931331538,0.0,287090.17705202114,2023-07-14
1877926.7550633454,680686.4161540509,-11336.162849126267,0.0,289908.4863743241,2023-07-15
1877926.7550633454,700681.7676834032,-12145.888766921009,0.0,312633.79534245253,2023-07-16
1877926.7550633454,744151.4194835251,-12955.614684715738,0.0,309307.79750114656,2023-07-17
1877926.7550633454,715324.513535218,-13765.340602510463,0.0,310187.306689644,2023-07-18
1877926.7550633454,706435.6426235562,-14575.066520305207,0.0,306572.45380055247,2023-07-19
1877926.7550633454,690636.9173104338,-15384.79243809993,0.0,305547.02347404393,2023-07-20
1877926.7550633454,667697.3358139893,-16194.518355894665,0.0,301299.78146396915,2023-07-21
1877926.7550633454,680686.4161540509,-17004.24427368939,0.0,307264.47916453565,2023-07-22
1877926.7550633454,700681.7676834032,-17813.97019148414,0.0,310612.5525488852,2023-07-23
1877926.7550633454,744151.4194835251,-18623.696109278866,0.0,312851.27837043116,2023-07-24
1877926.7550633454,715324.513535218,-19433.42202707361,0.0,319188.9545729568,2023-07-25
1877926.7550633454,706435.6426235562,-20243.147944868328,0.0,313574.7228427904,2023-07-26
1877926.7550633454,690636.9173104338,-21052.873862663077,0.0,309889.6226405215,2023-07-27
1877926.7550633454,667697.3358139893,-21862.599780457804,0.0,298791.03166889923,2023-07-28
1877926.7550633454,680686.4161540509,-22672.325698252534,0.0,304501.65913609933,2023-07-29
1877926.7550633454,700681.7676834032,-23482.05161604726,0.0,326716.3429007158,2023-07-30
1877926.7550633454,744151.4194835251,-24291.777533842018,0.0,318806.45932204527,2023-07-31
1877926.7550633454,715324.513535218,0.0,0.0,299729.83795601194,2023-08-01
1877926.7550633454,706435.6426235562,2425.7792206510567,0.0,290368.50842810044,2023-08-02
1877926.7550633454,690636.9173104338,4851.558441302113,0.0,291002.7348509104,2023-08-03
1877926.7550633454,667697.3358139893,7277.337661953167,0.0,294007.2043192025,2023-08-04
1877926.7550633454,680686.4161540509,9703.116882604227,0.0,300616.9044595216,2023-08-05
1877926.7550633454,700681.7676834032,12128.89610325529,0.0,324126.1330441968,2023-08-06
1877926.7550633454,744151.4194835251,14554.675323906335,0.0,317089.6426201295,2023-08-07
1877926.7550633454,715324.513535218,16980.45454455739,0.0,316013.03860924044,2023-08-08
1877926.7550633454,706435.6426235562,19406.233765208453,0.0,320024.22859117785,2023-08-09
1877926.7550633454,690636.9173104338,21832.012985859514,0.0,326121.2921962163,2023-08-10
1877926.7550633454,667697.3358139893,24257.79220651058,0.0,326876.78633042926,2023-08-11
1877926.7550633454,680686.4161540509,26683.571427161627,0.0,325961.1712201038,2023-08-12
1877926.7550633454,700681.7676834032,29109.35064781267,0.0,350241.72725677124,2023-08-13
1877926.7550633454,744151.4194835251,31535.12986846373,0.0,352125.52389983076,2023-08-14
1877926.7550633454,715324.513535218,33960.90908911478,0.0,352759.38669091277,2023-08-15
1877926.7550633454,706435.6426235562,36386.68830976586,0.0,350397.83883142704,2023-08-16
1877926.7550633454,690636.9173104338,38812.46753041691,0.0,354677.52402126143,2023-08-17
1877926.7550633454,667697.3358139893,41238.246751067934,0.0,345716.3533971841,2023-08-18
1877926.7550633454,680686.4161540509,43664.02597171903,0.0,346426.2415681871,2023-08-19
1877926.7550633454,700681.7676834032,46089.80519237006,0.0,369958.630300675,2023-08-20
1877926.7550633454,744151.4194835251,48515.58441302116,0.0,361458.6646102794,2023-08-21
1877926.7550633454,715324.513535218,50941.36363367218,0.0,359436.9183479978,2023-08-22
1877926.7550633454,706435.6426235562,53367.142854323254,0.0,376556.6297916167,2023-08-23
1877926.7550633454,690636.9173104338,55792.92207497429,0.0,390603.7446833868,2023-08-24
1877926.7550633454,667697.3358139893,58218.70129562534,0.0,384928.77191260475,2023-08-25
1877926.7550633454,680686.4161540509,60644.4805162764,0.0,374906.9900858866,2023-08-26
1877926.7550633454,700681.7676834032,63070.25973692746,0.0,390076.33439330244,2023-08-27
1877926.7550633454,744151.4194835251,65496.038957578545,0.0,374183.0463181256,2023-08-28
1877926.7550633454,715324.513535218,67921.81817822956,0.0,363051.035358319,2023-08-29
1877926.7550633454,706435.6426235562,70347.59739888065,0.0,346584.4343664282,2023-08-30
1877926.7550633454,690636.9173104338,72773.37661953171,0.0,329116.6222848935,2023-08-31
1877926.7550633454,667697.3358139893,0.0,0.0,307260.48175416054,2023-09-01
1877926.7550633454,680686.4161540509,843.6557196936723,0.0,297219.91228922457,2023-09-02
1877926.7550633454,700681.7676834032,1687.3114393873445,0.0,327920.0850612549,2023-09-03
1877926.7550633454,744151.4194835251,2530.9671590810153,11798.020578829195,326824.27857517597,2023-09-04
1877926.7550633454,715324.513535218,3374.622878774689,0.0,319460.2873534118,2023-09-05
1877926.7550633454,706435.6426235562,4218.278598468355,0.0,314633.1218296736,2023-09-06
1877926.7550633454,690636.9173104338,5061.934318162031,0.0,307615.222296277,2023-09-07
1877926.7550633454,667697.3358139893,5905.590037855703,0.0,295011.05535273004,2023-09-08
1877926.7550633454,680686.4161540509,6749.245757549378,0.0,283026.9566417962,2023-09-09
1877926.7550633454,700681.7676834032,7592.90147724305,0.0,306214.80855653854,2023-09-10
1877926.7550633454,744151.4194835251,8436.55719693671,0.0,300183.29151846725,2023-09-11
1877926.7550633454,715324.513535218,9280.212916630393,0.0,309089.2371216278,2023-09-12
1877926.7550633454,706435.6426235562,10123.868636324061,0.0,307938.35899988975,2023-09-13
1877926.7550633454,690636.9173104338,10967.524356017726,0.0,295563.72856184887,2023-09-14
1877926.7550633454,667697.3358139893,11811.180075711405,0.0,296362.5700113493,2023-09-15
1877926.7550633454,680686.4161540509,12654.835795405068,0.0,294227.5735304557,2023-09-16
1877926.7550633454,700681.7676834032,13498.491515098756,0.0,304244.25488713465,2023-09-17
1877926.7550633454,744151.4194835251,14342.147234792423,0.0,321044.2154067163,2023-09-18
1877926.7550633454,715324.513535218,15185.8029544861,0.0,315724.439602268,2023-09-19
1877926.7550633454,706435.6426235562,16029.458674179763,0.0,304758.77610905486,2023-09-20
1877926.7550633454,690636.9173104338,16873.11439387342,0.0,288805.49885612965,2023-09-21
1877926.7550633454,667697.3358139893,17716.77011356711,0.0,283502.1455662139,2023-09-22
1877926.7550633454,680686.4161540509,18560.425833260786,0.0,293694.2342067624,2023-09-23
1877926.7550633454,700681.7676834032,19404.081552954438,0.0,284951.2590942695,2023-09-24
1877926.7550633454,744151.4194835251,20247.737272648123,0.0,309335.40205545374,2023-09-25
1877926.7550633454,715324.513535218,21091.392992341793,0.0,300131.45534691174,2023-09-26
1877926.7550633454,706435.6426235562,21935.048712035452,0.0,285057.7951830696,2023-09-27
1877926.7550633454,690636.9173104338,22778.704431729147,0.0,275906.64802129025,2023-09-28
1877926.7550633454,667697.3358139893,23622.36015142281,0.0,264753.55084841326,2023-09-29
1877926.7550633454,680686.4161540509,24466.01587111651,0.0,265204.2438170827,2023-09-30
1877926.7550633454,700681.7676834032,0.0,0.0,262253.20646123233,2023-10-01
1877926.7550633454,744151.4194835251,2037.6481672564041,0.0,265385.20526147017,2023-10-02
1877926.7550633454,715324.513535218,4075.2963345128082,0.0,259372.12919259002,2023-10-03
1877926.7550633454,706435.6426235562,6112.944501769215,0.0,257039.54855684875,2023-10-04
1877926.7550633454,690636.9173104338,8150.5926690256165,0.0,249846.28823351543,2023-10-05
1877926.7550633454,667697.3358139893,10188.24083628202,0.0,254522.15604458642,2023-10-06
1877926.7550633454,680686.4161540509,12225.88900353843,0.0,261628.5897458651,2023-10-07
1877926.7550633454,700681.7676834032,14263.537170794829,0.0,279278.0136217782,2023-10-08
1877926.7550633454,744151.4194835251,16301.185338051233,0.0,284871.42500121426,2023-10-09
1877926.7550633454,715324.513535218,18338.83350530764,0.0,285537.49652445945,2023-10-10
1877926.7550633454,706435.6426235562,20376.48167256404,0.0,282040.4282290254,2023-10-11
1877926.7550633454,690636.9173104338,22414.12983982045,0.0,284789.77250074793,2023-10-12
1877926.7550633454,667697.3358139893,24451.77800707686,0.0,287728.5129201721,2023-10-13
1877926.7550633454,680686.4161540509,26489.426174333235,0.0,291833.0261050735,2023-10-14
1877926.7550633454,700681.7676834032,28527.074341589658,0.0,316872.21048158396,2023-10-15
1877926.7550633454,744151.4194835251,30564.72250884608,0.0,312499.38396461494,2023-10-16
1877926.7550633454,715324.513535218,32602.370676102466,0.0,309203.3266959345,2023-10-17
1877926.7550633454,706435.6426235562,34640.0188433589,0.0,301320.07961607055,2023-10-18
1877926.7550633454,690636.9173104338,36677.66701061528,0.0,288894.55814891844,2023-10-19
1877926.7550633454,667697.3358139893,38715.315177871686,0.0,288009.773859494,2023-10-20
1877926.7550633454,680686.4161540509,40752.96334512808,0.0,286786.15038603044,2023-10-21
1877926.7550633454,700681.7676834032,42790.61151238447,0.0,324171.8346919786,2023-10-22
1877926.7550633454,744151.4194835251,44828.2596796409,0.0,311547.6144742173,2023-10-23
1877926.7550633454,715324.513535218,46865.90784689732,0.0,299728.32516227086,2023-10-24
1877926.7550633454,706435.6426235562,48903.55601415372,0.0,299117.4038396204,2023-10-25
1877926.7550633454,690636.9173104338,50941.20418141012,0.0,294831.7053285745,2023-10-26
1877926.7550633454,667697.3358139893,52978.85234866647,0.0,298116.8543327919,2023-10-27
1877926.7550633454,680686.4161540509,55016.500515922926,0.0,327311.55106087675,2023-10-28
1877926.7550633454,700681.7676834032,57054.148683179315,0.0,347495.85748287913,2023-10-29
1877926.7550633454,744151.4194835251,59091.79685043573,0.0,340374.9368775922,2023-10-30
1877926.7550633454,715324.513535218,61129.44501769216,0.0,342731.4956025677,2023-10-31
1877926.7550633454,706435.6426235562,0.0,0.0,398422.4914621316,2023-11-01
1877926.7550633454,690636.9173104338,1483.9825299893155,0.0,347306.568277751,2023-11-02
1877926.7550633454,667697.3358139893,2967.965059978631,0.0,333909.5733564779,2023-11-03
1877926.7550633454,680686.4161540509,4451.947589967943,0.0,334952.2538864573,2023-11-04
1877926.7550633454,700681.7676834032,5935.930119957262,0.0,367203.0715151349,2023-11-05
1877926.7550633454,744151.4194835251,7419.912649946577,0.0,366935.06714753265,2023-11-06
1877926.7550633454,715324.513535218,8903.895179935886,0.0,365817.96503867814,2023-11-07
1877926.7550633454,706435.6426235562,10387.877709925218,0.0,367951.3967131527,2023-11-08
1877926.7550633454,690636.9173104338,11871.860239914524,0.0,363637.44866365835,2023-11-09
1877926.7550633454,667697.3358139893,13355.84276990385,0.0,373491.91554143536,2023-11-10
1877926.7550633454,680686.4161540509,14839.825299893155,0.0,372136.8927842768,2023-11-11
1877926.7550633454,700681.7676834032,16323.80782988247,0.0,414978.72471156414,2023-11-12
1877926.7550633454,744151.4194835251,17807.79035987177,0.0,404713.1321840622,2023-11-13
1877926.7550633454,715324.513535218,19291.77288986111,0.0,403343.18541446136,2023-11-14
1877926.7550633454,706435.6426235562,20775.755419850437,0.0,400697.2931040411,2023-11-15
1877926.7550633454,690636.9173104338,22259.737949839724,0.0,409483.9877783299,2023-11-16
1877926.7550633454,667697.3358139893,23743.720479829048,0.0,413949.27478796674,2023-11-17
1877926.7550633454,680686.4161540509,25227.70300981836,0.0,440448.2966853818,2023-11-18
1877926.7550633454,700681.7676834032,26711.6855398077,0.0,465989.9076667113,2023-11-19
1877926.7550633454,744151.4194835251,28195.668069796982,0.0,446460.9084259129,2023-11-20
1877926.7550633454,715324.513535218,29679.65059978631,0.0,432265.76057640533,2023-11-21
1877926.7550633454,706435.6426235562,31163.633129775622,0.0,418733.13896024483,2023-11-22
1877926.7550633454,690636.9173104338,32647.61565976494,24060.648161591063,404937.34487694287,2023-11-23
1877926.7550633454,667697.3358139893,34131.59818975426,-140358.6750233895,413761.2924510193,2023-11-24
1877926.7550633454,680686.4161540509,35615.58071974354,0.0,434394.8071997393,2023-11-25
1877926.7550633454,700681.7676834032,37099.5632497329,0.0,460134.33705932525,2023-11-26
1877926.7550633454,744151.4194835251,38583.54577972222,0.0,411289.41015333205,2023-11-27
1877926.7550633454,715324.513535218,40067.528309711495,0.0,385762.9417113689,2023-11-28
1877926.7550633454,706435.6426235562,41551.51083970087,0.0,373517.83065234416,2023-11-29
1877926.7550633454,690636.9173104338,43035.49336969016,0.0,377601.4681641537,2023-11-30
1877926.7550633454,667697.3358139893,0.0,0.0,383608.4195668281,2023-12-01
1877926.7550633454,680686.4161540509,3399.5529230582865,0.0,370907.4806817091,2023-12-02
1877926.7550633454,700681.7676834032,6799.105846116573,0.0,389006.70618859,2023-12-03
1877926.7550633454,744151.4194835251,10198.658769174866,0.0,391998.5525732075,2023-12-04
1877926.7550633454,715324.513535218,13598.211692233146,0.0,393470.5079244485,2023-12-05
1877926.7550633454,706435.6426235562,16997.764615291442,0.0,395713.7588644619,2023-12-06
1877926.7550633454,690636.9173104338,20397.317538349733,0.0,399397.43376498914,2023-12-07
1877926.7550633454,667697.3358139893,23796.87046140803,0.0,434559.70960904495,2023-12-08
1877926.7550633454,680686.4161540509,27196.423384466292,0.0,433612.23166841007,2023-12-09
1877926.7550633454,700681.7676834032,30595.976307524605,0.0,482761.95043602795,2023-12-10
1877926.7550633454,744151.4194835251,33995.529230582884,0.0,456345.3063934092,2023-12-11
1877926.7550633454,715324.513535218,37395.08215364122,0.0,428762.1115233818,2023-12-12
1877926.7550633454,706435.6426235562,40794.635076699466,0.0,410652.56084252556,2023-12-13
1877926.7550633454,690636.9173104338,44194.18799975784,0.0,421136.8731679305,2023-12-14
1877926.7550633454,667697.3358139893,47593.74092281606,0.0,418305.2700631517,2023-12-15
1877926.7550633454,680686.4161540509,50993.2938458744,0.0,414590.8034226324,2023-12-16
1877926.7550633454,700681.7676834032,54392.846768932584,669.5557527956456,437855.4418534116,2023-12-17
1877926.7550633454,744151.4194835251,57792.39969199093,0.0,399398.2542905957,2023-12-18
1877926.7550633454,715324.513535218,61191.95261504921,0.0,400536.3565058885,2023-12-19
1877926.7550633454,706435.6426235562,64591.50553810756,33418.92094031763,395270.33887325396,2023-12-20
1877926.7550633454,690636.9173104338,67991.05846116577,-32294.882751884445,398471.71253453346,2023-12-21
1877926.7550633454,667697.3358139893,71390.61138422409,0.0,426733.6541909833,2023-12-22
1877926.7550633454,680686.4161540509,74790.16430728244,-6978.931081312585,458354.3044518004,2023-12-23
1877926.7550633454,700681.7676834032,78189.71723034077,-27233.467285727664,489097.7959479667,2023-12-24
1877926.7550633454,744151.4194835251,81589.27015339893,-182944.55833573747,499748.8414974798,2023-12-25
1877926.7550633454,715324.513535218,84988.82307645732,-89483.90530899365,467725.2513212344,2023-12-26
1877926.7550633454,706435.6426235562,88388.37599951569,0.0,454002.64323413983,2023-12-27
1877926.7550633454,690636.9173104338,91787.92892257373,0.0,459318.9265915614,2023-12-28
1877926.7550633454,667697.3358139893,95187.48184563212,0.0,471167.9979539587,2023-12-29
1877926.7550633454,680686.4161540509,98587.03476869052,32150.309228624857,498159.5207401988,2023-12-30
1877926.7550633454,700681.7676834032,101986.5876917488,-96694.98440083915,523302.46766488755,2023-12-31
1907883.9667875972,690437.9889375146,0.0,248946.90061513695,521172.6185454172,2024-01-01
1907883.9667875972,662485.8767514308,2208.0502952882302,0.0,488833.16292439896,2024-01-02
1907883.9667875972,652476.2190885025,4416.1005905764605,0.0,474368.6414585462,2024-01-03
1907883.9667875972,636278.9096860798,6624.1508858646885,0.0,468027.6399799422,2024-01-04
1907883.9667875972,612544.0439412062,8832.201181152921,0.0,473259.40419133654,2024-01-05
1907883.9667875972,625977.6911197539,11040.251476441128,0.0,482670.3184895994,2024-01-06
1907883.9667875972,645079.0761710173,13248.301771729377,0.0,514689.4488046675,2024-01-07
1907883.9667875972,690437.9889375146,15456.352067017582,0.0,494232.0849728782,2024-01-08
1907883.9667875972,662485.8767514308,17664.402362305842,0.0,488409.0456715148,2024-01-09
1907883.9667875972,652476.2190885025,19872.452657594036,0.0,490914.1256216902,2024-01-10
1907883.9667875972,636278.9096860798,22080.502952882256,0.0,493025.94061234576,2024-01-11
1907883.9667875972,612544.0439412062,24288.553248170516,0.0,486543.7422506276,2024-01-12
1907883.9667875972,625977.6911197539,26496.603543458754,0.0,487120.81059643684,2024-01-13
1907883.9667875972,645079.0761710173,28704.65383874694,0.0,511522.52693276946,2024-01-14
1907883.9667875972,690437.9889375146,30912.704134035164,-45041.7952898488,492730.8045353379,2024-01-15
1907883.9667875972,662485.8767514308,33120.75442932342,0.0,477094.29672635184,2024-01-16
1907883.9667875972,652476.2190885025,35328.804724611684,0.0,466288.5732934098,2024-01-17
1907883.9667875972,636278.9096860798,37536.85501989986,0.0,454277.88716427237,2024-01-18
1907883.9667875972,612544.0439412062,39744.90531518807,0.0,452470.2639129668,2024-01-19
1907883.9667875972,625977.6911197539,41952.955610476325,0.0,448913.3811720366,2024-01-20
1907883.9667875972,645079.0761710173,44161.00590576451,0.0,480705.021376458,2024-01-21
1907883.9667875972,690437.9889375146,46369.05620105277,0.0,457921.74964452937,2024-01-22
1907883.9667875972,662485.8767514308,48577.10649634103,0.0,439440.3779444996,2024-01-23
1907883.9667875972,652476.2190885025,50785.15679162922,0.0,431576.6096796759,2024-01-24
1907883.9667875972,636278.9096860798,52993.20708691751,0.0,421957.27926797135,2024-01-25
1907883.9667875972,612544.0439412062,55201.25738220566,0.0,407939.51932356966,2024-01-26
1907883.9667875972,625977.6911197539,57409.30767749388,0.0,405012.20480774844,2024-01-27
1907883.9667875972,645079.0761710173,59617.357972782105,0.0,428150.96377997485,2024-01-28
1907883.9667875972,690437.9889375146,61825.40826807033,0.0,392005.45288992004,2024-01-29
1907883.9667875972,662485.8767514308,64033.45856335862,0.0,371711.9696027429,2024-01-30
1907883.9667875972,652476.2190885025,66241.50885864683,0.0,353970.3043777112,2024-01-31
1894730.9305507094,656365.6899381429,0.0,0.0,366853.8573353988,2024-02-01
1894730.9305507094,631324.9519218144,-4035.609719633437,0.0,369304.114754164,2024-02-02
1894730.9305507094,646552.3107926855,-8071.219439266874,0.0,376330.1604048675,2024-02-03
1894730.9305507094,666060.4972039922,-12106.829158900306,0.0,387510.2383370674,2024-02-04
1894730.9305507094,712422.6340604083,-16142.438878533749,0.0,393133.69887384935,2024-02-05
1894730.9305507094,684397.5493494136,-20178.04859816717,0.0,387973.047726581,2024-02-06
1894730.9305507094,673446.1420105613,-24213.65831780061,0.0,379003.74672576785,2024-02-07
1894730.9305507094,656365.6899381429,-28249.26803743408,0.0,386066.78613556735,2024-02-08
1894730.9305507094,631324.9519218144,-32284.877757067497,0.0,376677.61429153965,2024-02-09
1894730.9305507094,646552.3107926855,-36320.487476700946,0.0,387996.5359166367,2024-02-10
1894730.9305507094,666060.4972039922,-40356.09719633434,236967.51241236783,402522.56795519654,2024-02-11
1894730.9305507094,712422.6340604083,-44391.70691596788,-77086.09343531383,532257.1143585496,2024-02-12
1894730.9305507094,684397.5493494136,-48427.31663560122,0.0,466785.15458035877,2024-02-13
1894730.9305507094,673446.1420105613,-52462.92635523468,0.0,435470.88157372817,2024-02-14
1894730.9305507094,656365.6899381429,-56498.53607486816,0.0,418344.34517151606,2024-02-15
1894730.9305507094,631324.9519218144,-60534.145794501535,0.0,410768.77913577243,2024-02-16
1894730.9305507094,646552.3107926855,-64569.755514134995,0.0,416281.3053735038,2024-02-17
1894730.9305507094,666060.4972039922,-68605.36523376845,0.0,435711.41691816534,2024-02-18
1894730.9305507094,712422.6340604083,-72640.97495340189,59478.81808652597,410857.01001953066,2024-02-19
1894730.9305507094,684397.5493494136,-76676.58467303534,0.0,403896.6120800368,2024-02-20
1894730.9305507094,673446.1420105613,-80712.19439266868,0.0,398234.59364115767,2024-02-21
1894730.9305507094,656365.6899381429,-84747.80411230223,0.0,404700.6805486728,2024-02-22
1894730.9305507094,631324.9519218144,-88783.41383193576,0.0,406789.8196319719,2024-02-23
1894730.9305507094,646552.3107926855,-92819.02355156887,0.0,420278.1931652636,2024-02-24
1894730.9305507094,666060.4972039922,-96854.63327120245,0.0,441176.52412324,2024-02-25
1894730.9305507094,712422.6340604083,-100890.24299083586,0.0,439092.1783419545,2024-02-26
1894730.9305507094,684397.5493494136,-104925.85271046936,0.0,436083.31473342376,2024-02-27
1894730.9305507094,673446.1420105613,-108961.4624301029,0.0,433709.8192082624,2024-02-28
1894730.9305507094,656365.6899381429,-112997.07214973633,0.0,430115.7672479847,2024-02-29
